{
        "name": "sr-so-nice",
        "title": "Shadowrun So Nice",
        "description": "A simple custom die style for use with Shadowrun.",
        "version": "1.0.0",
        "author": "Poetics",
        "dependencies": [
                {
                        "type": "module",
                        "name": "dice-so-nice"
                }
        ],
        "scripts": [
                "diceset.js"
        ],
        "url": "https://therollsmith.com/",
        "manifest": "https://github.com/ThePoetics/SR-so-Nice/module.json",
        "download": "https://github.com/ThePoetics/SR-so-Nice/srsn-1.0.0.zip",
        "readme": "https://github.com/ThePoetics/SR-so-Nice",
        "bugs": "https://github.com/ThePoetics/SR-so-Nice"
}
