{
        "name": "sr-so-nice",
        "title": "Shadowrun So Nice",
        "description": "A simple custom die style for use with Shadowrun.",
        "version": "1.0.0", 
        "minimumcoreversion": "0.9.0",
        "author": "Poetics",
        "dependencies": [
                {
                        "type": "module",
                        "name": "dice-so-nice"
                }
        ],
        "scripts": [
                "scripts/main.js"
        ],
        "manifest": "https://raw.githubusercontent.com/ThePoetics/sr-so-nice/main/module.json",
        "download": "https://github.com/ThePoetics/sr-so-nice/raw/main/releases/srsn-1.0.0.zip",
        "readme": "https://github.com/ThePoetics/sr-so-nice",
        "bugs": "https://github.com/ThePoetics/sr-so-nice"
}